,cv_score,pub_lb
exp000,1.05135,0.9572
exp001,1.08492,0.9621
exp002,1.047774398555315,0.9437
exp003,1.0433960147014845,0.9374
exp004,1.0384486534654385,0.9253
exp005,1.0381230634553,0.9282
exp006,1.0339424672507869,0.9269
exp007,1.039769455125297,0.9326
